assay,role,seq,length,gc,oligoforge_tm_acc,oligoforge_nn_tm,melting_owcmix08,melting_ahs01,delta_vs_owcmix08
ACTB_geNorm,forward,CTGGAACGGTGAAGGTGACA,20,55.0,64.308,64.3,63.227,55.878,1.081
ACTB_geNorm,reverse,AAGGGACTTCCTGTAACAATGCA,23,43.5,63.956,63.9,63.619,56.312,0.337
B2M_geNorm,forward,TGCTGTCTCCATGTTTGATGTATCT,25,40.0,63.664,63.7,63.318,56.302,0.346
B2M_geNorm,reverse,TCTCTGCTCCCCACCTCTAAGT,22,54.5,66.546,66.5,66.126,58.183,0.42
GAPDH_geNorm,forward,TGCACCACCAACTGCTTAGC,20,55.0,65.518,65.5,65.099,57.792,0.419
GAPDH_geNorm,reverse,GGCATGGACTGTGGTCATGAG,21,57.1,65.351,65.3,64.28,56.908,1.071
HMBS_geNorm,forward,GGCAATGCGGCTGCAA,16,62.5,64.143,64.1,62.827,55.56,1.316
HMBS_geNorm,reverse,GGGTACCCACGCGAATCAC,19,63.2,65.49,65.5,65.033,57.648,0.457
HPRT1_geNorm,forward,TGACACTGGCAAAACAATGCA,21,42.9,63.257,63.2,62.263,55.367,0.994
HPRT1_geNorm,reverse,GGTCCTTTTCACCAGCAAGCT,21,52.4,65.321,65.3,64.329,56.918,0.992
RPL13A_geNorm,forward,CCTGGAGGAGAAGAGGAAAGAGA,23,52.2,64.806,64.8,63.857,56.122,0.949
RPL13A_geNorm,reverse,TTGAGGACCTCTGTGTATTTGTCAA,25,40.0,63.516,63.5,63.206,56.107,0.31
SDHA_geNorm,forward,TGGGAACAAGAGGGCATCTG,20,55.0,64.319,64.3,63.217,55.581,1.102
SDHA_geNorm,reverse,CCACCACTGCATCAAATTCATG,22,45.5,62.102,62.1,61.142,54.296,0.96
YWHAZ_geNorm,forward,ACTTTTGGTACATTGTGGCTTCAA,24,37.5,62.872,62.9,62.585,55.645,0.287
YWHAZ_geNorm,reverse,CCGCCAGGACAAACCAGTAT,20,55.0,64.54,64.5,64.114,56.622,0.426
SARSCoV2_E,forward,ACAGGTACGTTAATAGTTAATAGCGT,26,34.6,61.165,61.2,62.906,56.179,-1.741
SARSCoV2_E,reverse,ATATTGCAGCAGTACGCACACA,22,45.5,64.546,64.5,64.739,57.877,-0.193
SARSCoV2_E,probe,ACACTAGCCATCCTTACTGCGCTTCG,26,53.8,70.252,70.2,70.454,63.213,-0.202
SARSCoV2_N,forward,CACATTGGCACCCGCAATC,19,57.9,64.585,64.6,63.474,56.338,1.111
SARSCoV2_N,reverse,GAGGAACGAGAAGAGGCTTG,20,55.0,62.283,62.3,61.231,54.033,1.052
SARSCoV2_N,probe,ACTTCCTCAAGGAACAACATTGCCA,25,44.0,66.639,66.6,65.824,58.554,0.815
Plasmodium_18S_genus,forward,GCTCTTTCTTGATTTCTTGGATG,23,39.1,59.432,59.4,58.54,51.842,0.892
Plasmodium_18S_genus,reverse,AGCAGGTTAAGATCTCGTTCG,21,47.6,61.667,61.7,61.279,54.364,0.388
Plasmodium_18S_genus,probe,ATGGCCGTTTTTAGTTCGTG,20,45.0,60.804,60.8,60.427,53.661,0.377
