assay,role,seq,degenerate,of_tm,p3_qpcr_tm,p3_default_tm,nn_tm,of_minus_p3q,of_minus_nn
ACTB_geNorm,F,CTGGAACGGTGAAGGTGACA,False,64.31,63.54,59.89,64.3,0.77,0.01
ACTB_geNorm,R,AAGGGACTTCCTGTAACAATGCA,False,63.96,63.68,60.18,63.9,0.28,0.06
B2M_geNorm,F,TGCTGTCTCCATGTTTGATGTATCT,False,63.66,63.69,60.34,63.7,-0.03,-0.04
B2M_geNorm,R,TCTCTGCTCCCCACCTCTAAGT,False,66.55,65.62,61.98,66.5,0.93,0.05
GAPDH_geNorm,F,TGCACCACCAACTGCTTAGC,False,65.52,64.81,61.17,65.5,0.7,0.02
GAPDH_geNorm,R,GGCATGGACTGTGGTCATGAG,False,65.35,64.58,61.02,65.3,0.77,0.05
HMBS_geNorm,F,GGCAATGCGGCTGCAA,False,64.14,62.92,58.94,64.1,1.22,0.04
HMBS_geNorm,R,GGGTACCCACGCGAATCAC,False,65.49,64.48,60.81,65.5,1.01,-0.01
HPRT1_geNorm,F,TGACACTGGCAAAACAATGCA,False,63.26,63.09,59.52,63.2,0.17,0.06
HPRT1_geNorm,R,GGTCCTTTTCACCAGCAAGCT,False,65.32,64.69,61.09,65.3,0.63,0.02
RPL13A_geNorm,F,CCTGGAGGAGAAGAGGAAAGAGA,False,64.81,64.08,60.57,64.8,0.72,0.01
RPL13A_geNorm,R,TTGAGGACCTCTGTGTATTTGTCAA,False,63.52,63.52,60.16,63.5,-0.0,0.02
SDHA_geNorm,F,TGGGAACAAGAGGGCATCTG,False,64.32,63.38,59.67,64.3,0.94,0.02
SDHA_geNorm,R,CCACCACTGCATCAAATTCATG,False,62.1,61.92,58.48,62.1,0.18,0.0
YWHAZ_geNorm,F,ACTTTTGGTACATTGTGGCTTCAA,False,62.87,62.99,59.6,62.9,-0.12,-0.03
YWHAZ_geNorm,R,CCGCCAGGACAAACCAGTAT,False,64.54,63.71,60.04,64.5,0.83,0.04
SARSCoV2_E,F,ACAGGTACGTTAATAGTTAATAGCGT,False,61.16,61.53,58.29,61.2,-0.36,-0.04
SARSCoV2_E,R,ATATTGCAGCAGTACGCACACA,False,64.55,64.41,60.93,64.5,0.14,0.05
SARSCoV2_E,P,ACACTAGCCATCCTTACTGCGCTTCG,False,70.25,70.04,66.78,70.2,0.21,0.05
SARSCoV2_N,F,CACATTGGCACCCGCAATC,False,64.59,63.81,60.15,64.6,0.77,-0.01
SARSCoV2_N,R,GAGGAACGAGAAGAGGCTTG,False,62.28,61.58,58.0,62.3,0.71,-0.02
SARSCoV2_N,P,ACTTCCTCAAGGAACAACATTGCCA,False,66.64,66.53,63.15,66.6,0.11,0.04
Plasmodium_18S_genus,F,GCTCTTTCTTGATTTCTTGGATG,False,59.43,59.51,56.15,59.4,-0.08,0.03
Plasmodium_18S_genus,R,AGCAGGTTAAGATCTCGTTCG,False,61.67,61.35,57.85,61.7,0.32,-0.03
Plasmodium_18S_genus,P,ATGGCCGTTTTTAGTTCGTG,False,60.8,60.58,57.02,60.8,0.22,0.0
